/*
Navicat MySQL Data Transfer

Source Server         : localhost
Source Server Version : 50553
Source Host           : localhost:3306
Source Database       : lsy_mhts

Target Server Type    : MYSQL
Target Server Version : 50553
File Encoding         : 65001

Date: 2018-02-14 16:43:30
*/

SET FOREIGN_KEY_CHECKS=0;

-- ----------------------------
-- Table structure for admin
-- ----------------------------
DROP TABLE IF EXISTS `admin`;
CREATE TABLE `admin` (
  `id` tinyint(1) NOT NULL AUTO_INCREMENT COMMENT '管理员id',
  `account` varchar(20) NOT NULL COMMENT '账号',
  `password` char(32) NOT NULL COMMENT '密码',
  PRIMARY KEY (`id`)
) ENGINE=MyISAM AUTO_INCREMENT=3 DEFAULT CHARSET=utf8;

-- ----------------------------
-- Records of admin
-- ----------------------------
INSERT INTO `admin` VALUES ('1', 'admin', 'c3284d0f94606de1fd2af172aba15bf3');
INSERT INTO `admin` VALUES ('2', '1', '28c8edde3d61a0411511d3b1866f0636');

-- ----------------------------
-- Table structure for record
-- ----------------------------
DROP TABLE IF EXISTS `record`;
CREATE TABLE `record` (
  `id` int(11) NOT NULL AUTO_INCREMENT COMMENT '记录id',
  `id_card` char(18) NOT NULL COMMENT '购票人身份证号',
  `type` int(11) NOT NULL COMMENT '购买票型',
  `window` int(11) NOT NULL COMMENT '购票窗口',
  `time` timestamp NOT NULL DEFAULT '0000-00-00 00:00:00' COMMENT '购买时间',
  `status` tinyint(1) NOT NULL DEFAULT '0' COMMENT '状态 0：正常  1：删除',
  PRIMARY KEY (`id`)
) ENGINE=MyISAM AUTO_INCREMENT=314 DEFAULT CHARSET=utf8;

-- ----------------------------
-- Records of record
-- ----------------------------
INSERT INTO `record` VALUES ('1', '41033333333333333X', '1', '1', '2018-01-01 20:15:06', '0');
INSERT INTO `record` VALUES ('2', '41033333333333333x', '1', '1', '2017-12-01 12:27:39', '0');
INSERT INTO `record` VALUES ('3', '410333333333333333', '1', '1', '2017-12-27 12:27:38', '0');
INSERT INTO `record` VALUES ('4', '410333333333333333', '1', '1', '2018-02-12 12:27:38', '0');
INSERT INTO `record` VALUES ('5', '410333333333333333', '1', '1', '2018-02-28 12:27:38', '0');
INSERT INTO `record` VALUES ('6', '410333333333333333', '1', '1', '2018-11-01 12:27:37', '0');
INSERT INTO `record` VALUES ('7', '410000000000000000', '1', '1', '2018-02-12 13:19:34', '0');
INSERT INTO `record` VALUES ('8', '410000000000000000', '1', '1', '2018-02-12 13:19:34', '0');
INSERT INTO `record` VALUES ('9', '410000000000000000', '1', '1', '2018-02-12 13:19:34', '0');
INSERT INTO `record` VALUES ('10', '410000000000000000', '1', '1', '2018-02-12 13:19:34', '0');
INSERT INTO `record` VALUES ('11', '410000000000000000', '1', '1', '2018-02-12 13:19:34', '0');
INSERT INTO `record` VALUES ('12', '410000000000000000', '1', '1', '2018-02-12 13:19:34', '0');
INSERT INTO `record` VALUES ('13', '410000000000000000', '1', '1', '2018-02-12 13:19:34', '0');
INSERT INTO `record` VALUES ('14', '410000000000000000', '1', '1', '2018-02-12 13:19:34', '0');
INSERT INTO `record` VALUES ('15', '410000000000000000', '1', '1', '2018-02-12 13:19:34', '0');
INSERT INTO `record` VALUES ('16', '410000000000000000', '1', '1', '2018-02-12 13:19:34', '0');
INSERT INTO `record` VALUES ('17', '410000000000000000', '1', '1', '2018-02-12 13:19:34', '0');
INSERT INTO `record` VALUES ('18', '410000000000000000', '1', '1', '2018-02-12 13:19:34', '0');
INSERT INTO `record` VALUES ('19', '410000000000000000', '1', '1', '2018-02-12 13:19:34', '0');
INSERT INTO `record` VALUES ('20', '410000000000000000', '1', '1', '2018-02-12 13:19:34', '0');
INSERT INTO `record` VALUES ('21', '410000000000000000', '1', '1', '2018-02-12 13:19:34', '0');
INSERT INTO `record` VALUES ('22', '410000000000000000', '1', '1', '2018-02-12 13:19:34', '0');
INSERT INTO `record` VALUES ('23', '410000000000000000', '1', '1', '2018-02-12 13:19:34', '0');
INSERT INTO `record` VALUES ('24', '410000000000000000', '1', '1', '2018-02-12 13:19:34', '0');
INSERT INTO `record` VALUES ('25', '410000000000000000', '1', '1', '2018-02-12 13:19:34', '0');
INSERT INTO `record` VALUES ('26', '410000000000000000', '1', '1', '2018-02-12 13:19:34', '0');
INSERT INTO `record` VALUES ('27', '410000000000000000', '1', '1', '2018-02-12 13:19:34', '0');
INSERT INTO `record` VALUES ('28', '410000000000000000', '1', '1', '2018-02-12 13:19:34', '0');
INSERT INTO `record` VALUES ('29', '410000000000000000', '1', '1', '2018-02-12 13:19:34', '0');
INSERT INTO `record` VALUES ('30', '410000000000000000', '1', '1', '2018-02-12 13:19:34', '0');
INSERT INTO `record` VALUES ('31', '410000000000000000', '1', '1', '2018-02-12 13:19:34', '0');
INSERT INTO `record` VALUES ('32', '410000000000000000', '1', '1', '2018-02-12 13:19:34', '0');
INSERT INTO `record` VALUES ('33', '410000000000000000', '1', '1', '2018-02-12 13:19:34', '0');
INSERT INTO `record` VALUES ('34', '410000000000000000', '1', '1', '2018-02-12 13:19:34', '0');
INSERT INTO `record` VALUES ('35', '410000000000000000', '1', '1', '2018-02-12 13:19:34', '0');
INSERT INTO `record` VALUES ('36', '410000000000000000', '1', '1', '2018-02-12 13:19:34', '0');
INSERT INTO `record` VALUES ('37', '410000000000000000', '1', '1', '2018-02-12 13:19:34', '0');
INSERT INTO `record` VALUES ('38', '410000000000000000', '1', '1', '2018-02-12 13:19:34', '0');
INSERT INTO `record` VALUES ('39', '410000000000000000', '1', '1', '2018-02-12 13:19:34', '0');
INSERT INTO `record` VALUES ('40', '410000000000000000', '1', '1', '2018-02-12 13:19:34', '0');
INSERT INTO `record` VALUES ('41', '410000000000000000', '1', '1', '2018-02-12 13:19:34', '0');
INSERT INTO `record` VALUES ('42', '410000000000000000', '1', '1', '2018-02-12 13:19:34', '0');
INSERT INTO `record` VALUES ('43', '410000000000000000', '1', '1', '2018-02-12 13:19:34', '0');
INSERT INTO `record` VALUES ('44', '410000000000000000', '1', '1', '2018-02-12 13:19:34', '0');
INSERT INTO `record` VALUES ('45', '410000000000000000', '1', '1', '2018-02-12 13:19:34', '0');
INSERT INTO `record` VALUES ('46', '410000000000000000', '1', '1', '2018-02-12 13:19:34', '0');
INSERT INTO `record` VALUES ('47', '410000000000000000', '1', '1', '2018-02-12 13:19:34', '0');
INSERT INTO `record` VALUES ('48', '410000000000000000', '1', '1', '2018-02-12 13:19:34', '0');
INSERT INTO `record` VALUES ('49', '410000000000000000', '1', '1', '2018-02-12 13:19:34', '0');
INSERT INTO `record` VALUES ('50', '410000000000000000', '1', '1', '2018-02-12 13:19:34', '0');
INSERT INTO `record` VALUES ('51', '410000000000000000', '1', '1', '2018-02-12 13:19:34', '0');
INSERT INTO `record` VALUES ('52', '410000000000000000', '1', '1', '2018-02-12 13:19:34', '0');
INSERT INTO `record` VALUES ('53', '410000000000000000', '1', '1', '2018-02-12 13:19:34', '0');
INSERT INTO `record` VALUES ('54', '410000000000000000', '1', '1', '2018-02-12 13:19:34', '0');
INSERT INTO `record` VALUES ('55', '410000000000000000', '1', '1', '2018-02-12 13:19:34', '0');
INSERT INTO `record` VALUES ('56', '410000000000000000', '1', '1', '2018-02-12 13:19:34', '0');
INSERT INTO `record` VALUES ('57', '410000000000000000', '1', '1', '2018-02-12 13:19:34', '0');
INSERT INTO `record` VALUES ('58', '410000000000000000', '1', '1', '2018-02-12 13:19:34', '0');
INSERT INTO `record` VALUES ('59', '410000000000000000', '1', '1', '2018-02-12 13:19:34', '0');
INSERT INTO `record` VALUES ('60', '410000000000000000', '1', '1', '2018-02-12 13:19:34', '0');
INSERT INTO `record` VALUES ('61', '410000000000000000', '1', '1', '2018-02-12 13:19:34', '0');
INSERT INTO `record` VALUES ('62', '410000000000000000', '1', '1', '2018-02-12 13:19:34', '0');
INSERT INTO `record` VALUES ('63', '410000000000000000', '1', '1', '2018-02-12 13:19:34', '0');
INSERT INTO `record` VALUES ('64', '410000000000000000', '1', '1', '2018-02-12 13:19:34', '0');
INSERT INTO `record` VALUES ('65', '410000000000000000', '1', '1', '2018-02-12 13:19:34', '0');
INSERT INTO `record` VALUES ('66', '410000000000000000', '1', '1', '2018-02-12 13:19:34', '0');
INSERT INTO `record` VALUES ('67', '410000000000000000', '1', '1', '2018-02-12 13:19:34', '0');
INSERT INTO `record` VALUES ('68', '410000000000000000', '1', '1', '2018-02-12 13:19:34', '0');
INSERT INTO `record` VALUES ('69', '410000000000000000', '1', '1', '2018-02-12 13:19:34', '0');
INSERT INTO `record` VALUES ('70', '410000000000000000', '1', '1', '2018-02-12 13:19:34', '0');
INSERT INTO `record` VALUES ('71', '410000000000000000', '1', '1', '2018-02-12 13:19:34', '0');
INSERT INTO `record` VALUES ('72', '410000000000000000', '1', '1', '2018-02-12 13:19:34', '0');
INSERT INTO `record` VALUES ('73', '410000000000000000', '1', '1', '2018-02-12 13:19:34', '0');
INSERT INTO `record` VALUES ('74', '410000000000000000', '1', '1', '2018-02-12 13:19:34', '0');
INSERT INTO `record` VALUES ('75', '410000000000000000', '1', '1', '2018-02-12 13:19:34', '0');
INSERT INTO `record` VALUES ('76', '410000000000000000', '1', '1', '2018-02-12 13:19:34', '0');
INSERT INTO `record` VALUES ('77', '410000000000000000', '1', '1', '2018-02-12 13:19:34', '0');
INSERT INTO `record` VALUES ('78', '410000000000000000', '1', '1', '2018-02-12 13:19:34', '0');
INSERT INTO `record` VALUES ('79', '410000000000000000', '1', '1', '2018-02-12 13:19:34', '0');
INSERT INTO `record` VALUES ('80', '410000000000000000', '1', '1', '2018-02-12 13:19:34', '0');
INSERT INTO `record` VALUES ('81', '410000000000000000', '1', '1', '2018-02-12 13:19:34', '0');
INSERT INTO `record` VALUES ('82', '410000000000000000', '1', '1', '2018-02-12 13:19:34', '0');
INSERT INTO `record` VALUES ('83', '410000000000000000', '1', '1', '2018-02-12 13:19:34', '0');
INSERT INTO `record` VALUES ('84', '410000000000000000', '1', '1', '2018-02-12 13:19:34', '0');
INSERT INTO `record` VALUES ('85', '410000000000000000', '1', '1', '2018-02-12 13:19:34', '0');
INSERT INTO `record` VALUES ('86', '410000000000000000', '1', '1', '2018-02-12 13:19:34', '0');
INSERT INTO `record` VALUES ('87', '410000000000000000', '1', '1', '2018-02-12 13:19:34', '0');
INSERT INTO `record` VALUES ('88', '410000000000000000', '1', '1', '2018-02-12 13:19:34', '0');
INSERT INTO `record` VALUES ('89', '410000000000000000', '1', '1', '2018-02-12 13:19:34', '0');
INSERT INTO `record` VALUES ('90', '410000000000000000', '1', '1', '2018-02-12 13:19:34', '0');
INSERT INTO `record` VALUES ('91', '410000000000000000', '1', '1', '2018-02-12 13:19:34', '0');
INSERT INTO `record` VALUES ('92', '410000000000000000', '1', '1', '2018-02-12 13:19:34', '0');
INSERT INTO `record` VALUES ('93', '410000000000000000', '1', '1', '2018-02-12 13:19:34', '0');
INSERT INTO `record` VALUES ('94', '410000000000000000', '1', '1', '2018-02-12 13:19:34', '0');
INSERT INTO `record` VALUES ('95', '410000000000000000', '1', '1', '2018-02-12 13:19:34', '0');
INSERT INTO `record` VALUES ('96', '410000000000000000', '1', '1', '2018-02-12 13:19:34', '0');
INSERT INTO `record` VALUES ('97', '410000000000000000', '1', '1', '2018-02-12 13:19:34', '0');
INSERT INTO `record` VALUES ('98', '410000000000000000', '1', '1', '2018-02-12 13:19:34', '0');
INSERT INTO `record` VALUES ('99', '410000000000000000', '1', '1', '2018-02-12 13:19:34', '0');
INSERT INTO `record` VALUES ('100', '410000000000000000', '1', '1', '2018-02-12 13:19:34', '0');
INSERT INTO `record` VALUES ('101', '410000000000000000', '1', '1', '2018-02-12 13:19:34', '0');
INSERT INTO `record` VALUES ('102', '410000000000000000', '1', '1', '2018-02-12 13:19:34', '0');
INSERT INTO `record` VALUES ('103', '410000000000000000', '1', '1', '2018-02-12 13:19:34', '0');
INSERT INTO `record` VALUES ('104', '410000000000000000', '1', '1', '2018-02-12 13:19:34', '0');
INSERT INTO `record` VALUES ('105', '410000000000000000', '1', '1', '2018-02-12 13:19:34', '0');
INSERT INTO `record` VALUES ('106', '410000000000000000', '1', '1', '2018-02-12 13:19:34', '0');
INSERT INTO `record` VALUES ('107', '410000000000000000', '1', '1', '2018-02-12 13:19:34', '0');
INSERT INTO `record` VALUES ('108', '410000000000000000', '1', '1', '2018-02-12 13:19:34', '0');
INSERT INTO `record` VALUES ('109', '410000000000000000', '1', '1', '2018-02-12 13:19:34', '0');
INSERT INTO `record` VALUES ('110', '410000000000000000', '1', '1', '2018-02-12 13:19:34', '0');
INSERT INTO `record` VALUES ('111', '410000000000000000', '1', '1', '2018-02-12 13:19:34', '0');
INSERT INTO `record` VALUES ('112', '410000000000000000', '1', '1', '2018-02-12 13:19:34', '0');
INSERT INTO `record` VALUES ('113', '410000000000000000', '1', '1', '2018-02-12 13:19:34', '0');
INSERT INTO `record` VALUES ('114', '410000000000000000', '1', '1', '2018-02-12 13:19:34', '0');
INSERT INTO `record` VALUES ('115', '410000000000000000', '1', '1', '2018-02-12 13:19:34', '0');
INSERT INTO `record` VALUES ('116', '410000000000000000', '1', '1', '2018-02-12 13:19:34', '0');
INSERT INTO `record` VALUES ('117', '410000000000000000', '1', '1', '2018-02-12 13:19:34', '0');
INSERT INTO `record` VALUES ('118', '410000000000000000', '1', '1', '2018-02-12 13:19:34', '0');
INSERT INTO `record` VALUES ('119', '410000000000000000', '1', '1', '2018-02-12 13:19:34', '0');
INSERT INTO `record` VALUES ('120', '410000000000000000', '1', '1', '2018-02-12 13:19:34', '0');
INSERT INTO `record` VALUES ('121', '410000000000000000', '1', '1', '2018-02-12 13:19:34', '0');
INSERT INTO `record` VALUES ('122', '410000000000000000', '1', '1', '2018-02-12 13:19:34', '0');
INSERT INTO `record` VALUES ('123', '410000000000000000', '1', '1', '2018-02-12 13:19:34', '0');
INSERT INTO `record` VALUES ('124', '410000000000000000', '1', '1', '2018-02-12 13:19:34', '0');
INSERT INTO `record` VALUES ('125', '410000000000000000', '1', '1', '2018-02-12 13:19:34', '0');
INSERT INTO `record` VALUES ('126', '410000000000000000', '1', '1', '2018-02-12 13:19:34', '0');
INSERT INTO `record` VALUES ('127', '410000000000000000', '1', '1', '2018-02-12 13:19:34', '0');
INSERT INTO `record` VALUES ('128', '410000000000000000', '1', '1', '2018-02-12 13:19:34', '0');
INSERT INTO `record` VALUES ('129', '410000000000000000', '1', '1', '2018-02-12 13:19:34', '0');
INSERT INTO `record` VALUES ('130', '410000000000000000', '1', '1', '2018-02-12 13:19:34', '0');
INSERT INTO `record` VALUES ('131', '410000000000000000', '1', '1', '2018-02-12 13:19:34', '0');
INSERT INTO `record` VALUES ('132', '410000000000000000', '1', '1', '2018-02-12 13:19:34', '0');
INSERT INTO `record` VALUES ('133', '410000000000000000', '1', '1', '2018-02-12 13:19:34', '0');
INSERT INTO `record` VALUES ('134', '410000000000000000', '1', '1', '2018-02-12 13:19:34', '0');
INSERT INTO `record` VALUES ('135', '410000000000000000', '1', '1', '2018-02-12 13:19:34', '0');
INSERT INTO `record` VALUES ('136', '410000000000000000', '1', '1', '2018-02-12 13:19:34', '0');
INSERT INTO `record` VALUES ('137', '410000000000000000', '1', '1', '2018-02-12 13:19:34', '0');
INSERT INTO `record` VALUES ('138', '410000000000000000', '1', '1', '2018-02-12 13:19:34', '0');
INSERT INTO `record` VALUES ('139', '410000000000000000', '1', '1', '2018-02-12 13:19:34', '0');
INSERT INTO `record` VALUES ('140', '410000000000000000', '1', '1', '2018-02-12 13:19:34', '0');
INSERT INTO `record` VALUES ('141', '410000000000000000', '1', '1', '2018-02-12 13:19:34', '0');
INSERT INTO `record` VALUES ('142', '410000000000000000', '1', '1', '2018-02-12 13:19:34', '0');
INSERT INTO `record` VALUES ('143', '410000000000000000', '1', '1', '2018-02-12 13:19:34', '0');
INSERT INTO `record` VALUES ('144', '410000000000000000', '1', '1', '2018-02-12 13:19:34', '0');
INSERT INTO `record` VALUES ('145', '410000000000000000', '1', '1', '2018-02-12 13:19:34', '0');
INSERT INTO `record` VALUES ('146', '410000000000000000', '1', '1', '2018-02-12 13:19:34', '0');
INSERT INTO `record` VALUES ('147', '410000000000000000', '1', '1', '2018-02-12 13:19:34', '0');
INSERT INTO `record` VALUES ('148', '410000000000000000', '1', '1', '2018-02-12 13:19:34', '0');
INSERT INTO `record` VALUES ('149', '410000000000000000', '1', '1', '2018-02-12 13:19:34', '0');
INSERT INTO `record` VALUES ('150', '410000000000000000', '1', '1', '2018-02-12 13:19:34', '0');
INSERT INTO `record` VALUES ('151', '410000000000000000', '1', '1', '2018-02-12 13:19:34', '0');
INSERT INTO `record` VALUES ('152', '410000000000000000', '1', '1', '2018-02-12 13:19:34', '0');
INSERT INTO `record` VALUES ('153', '410000000000000000', '1', '1', '2018-02-12 13:19:34', '0');
INSERT INTO `record` VALUES ('154', '410000000000000000', '1', '1', '2018-02-12 13:19:34', '0');
INSERT INTO `record` VALUES ('155', '410000000000000000', '1', '1', '2018-02-12 13:19:34', '0');
INSERT INTO `record` VALUES ('156', '410000000000000000', '1', '1', '2018-02-12 13:19:34', '0');
INSERT INTO `record` VALUES ('157', '410000000000000000', '1', '1', '2018-02-12 13:19:34', '0');
INSERT INTO `record` VALUES ('158', '410000000000000000', '1', '1', '2018-02-12 13:19:34', '0');
INSERT INTO `record` VALUES ('159', '410000000000000000', '1', '1', '2018-02-12 13:19:34', '0');
INSERT INTO `record` VALUES ('160', '410000000000000000', '1', '1', '2018-02-12 13:19:34', '0');
INSERT INTO `record` VALUES ('161', '410000000000000000', '1', '1', '2018-02-12 13:19:34', '0');
INSERT INTO `record` VALUES ('162', '410000000000000000', '1', '1', '2018-02-12 13:19:34', '0');
INSERT INTO `record` VALUES ('163', '410000000000000000', '1', '1', '2018-02-12 13:19:34', '0');
INSERT INTO `record` VALUES ('164', '410000000000000000', '1', '1', '2018-02-12 13:19:34', '0');
INSERT INTO `record` VALUES ('165', '410000000000000000', '1', '1', '2018-02-12 13:19:34', '0');
INSERT INTO `record` VALUES ('166', '410000000000000000', '1', '1', '2018-02-12 13:19:34', '0');
INSERT INTO `record` VALUES ('167', '410000000000000000', '1', '1', '2018-02-12 13:19:34', '0');
INSERT INTO `record` VALUES ('168', '410000000000000000', '1', '1', '2018-02-12 13:19:34', '0');
INSERT INTO `record` VALUES ('169', '410000000000000000', '1', '1', '2018-02-12 13:19:34', '0');
INSERT INTO `record` VALUES ('170', '410000000000000000', '1', '1', '2018-02-12 13:19:34', '0');
INSERT INTO `record` VALUES ('171', '410000000000000000', '1', '1', '2018-02-12 13:19:34', '0');
INSERT INTO `record` VALUES ('172', '410000000000000000', '1', '1', '2018-02-12 13:19:34', '0');
INSERT INTO `record` VALUES ('173', '410000000000000000', '1', '1', '2018-02-12 13:19:34', '0');
INSERT INTO `record` VALUES ('174', '410000000000000000', '1', '1', '2018-02-12 13:19:34', '0');
INSERT INTO `record` VALUES ('175', '410000000000000000', '1', '1', '2018-02-12 13:19:34', '0');
INSERT INTO `record` VALUES ('176', '410000000000000000', '1', '1', '2018-02-12 13:19:34', '0');
INSERT INTO `record` VALUES ('177', '410000000000000000', '1', '1', '2018-02-12 13:19:34', '0');
INSERT INTO `record` VALUES ('178', '410000000000000000', '1', '1', '2018-02-12 13:19:34', '0');
INSERT INTO `record` VALUES ('179', '410000000000000000', '1', '1', '2018-02-12 13:19:34', '0');
INSERT INTO `record` VALUES ('180', '410000000000000000', '1', '1', '2018-02-12 13:19:34', '0');
INSERT INTO `record` VALUES ('181', '410000000000000000', '1', '1', '2018-02-12 13:19:34', '0');
INSERT INTO `record` VALUES ('182', '410000000000000000', '1', '1', '2018-02-12 13:19:34', '0');
INSERT INTO `record` VALUES ('183', '410000000000000000', '1', '1', '2018-02-12 13:19:34', '0');
INSERT INTO `record` VALUES ('184', '410000000000000000', '1', '1', '2018-02-12 13:19:34', '0');
INSERT INTO `record` VALUES ('185', '410000000000000000', '1', '1', '2018-02-12 13:19:34', '0');
INSERT INTO `record` VALUES ('186', '410000000000000000', '1', '1', '2018-02-12 13:19:34', '0');
INSERT INTO `record` VALUES ('187', '410000000000000000', '1', '1', '2018-02-12 13:19:34', '0');
INSERT INTO `record` VALUES ('188', '410000000000000000', '1', '1', '2018-02-12 13:19:34', '0');
INSERT INTO `record` VALUES ('189', '410000000000000000', '1', '1', '2018-02-12 13:19:34', '0');
INSERT INTO `record` VALUES ('190', '410000000000000000', '1', '1', '2018-02-12 13:19:34', '0');
INSERT INTO `record` VALUES ('191', '410000000000000000', '1', '1', '2018-02-12 13:19:34', '0');
INSERT INTO `record` VALUES ('192', '410000000000000000', '1', '1', '2018-02-12 13:19:34', '0');
INSERT INTO `record` VALUES ('193', '410000000000000000', '1', '1', '2018-02-12 13:19:34', '0');
INSERT INTO `record` VALUES ('194', '410000000000000000', '1', '1', '2018-02-12 13:19:34', '0');
INSERT INTO `record` VALUES ('195', '410000000000000000', '1', '1', '2018-02-12 13:19:34', '0');
INSERT INTO `record` VALUES ('196', '410000000000000000', '1', '1', '2018-02-12 13:19:34', '0');
INSERT INTO `record` VALUES ('197', '410000000000000000', '1', '1', '2018-02-12 13:19:34', '0');
INSERT INTO `record` VALUES ('198', '410000000000000000', '1', '1', '2018-02-12 13:19:34', '0');
INSERT INTO `record` VALUES ('199', '410000000000000000', '1', '1', '2018-02-12 13:19:34', '0');
INSERT INTO `record` VALUES ('200', '410000000000000000', '1', '1', '2018-02-12 13:19:34', '0');
INSERT INTO `record` VALUES ('201', '410000000000000000', '1', '1', '2018-02-12 13:19:34', '0');
INSERT INTO `record` VALUES ('202', '410000000000000000', '1', '1', '2018-02-12 13:19:34', '0');
INSERT INTO `record` VALUES ('203', '410000000000000000', '1', '1', '2018-02-12 13:19:34', '0');
INSERT INTO `record` VALUES ('204', '410000000000000000', '1', '1', '2018-02-12 13:19:34', '0');
INSERT INTO `record` VALUES ('205', '410000000000000000', '1', '1', '2018-02-12 13:19:34', '0');
INSERT INTO `record` VALUES ('206', '410000000000000000', '1', '1', '2018-02-12 13:19:34', '0');
INSERT INTO `record` VALUES ('207', '410000000000000000', '1', '1', '2018-02-12 13:19:34', '0');
INSERT INTO `record` VALUES ('208', '410000000000000000', '1', '1', '2018-02-12 13:19:34', '0');
INSERT INTO `record` VALUES ('209', '410000000000000000', '1', '1', '2018-02-12 13:19:34', '0');
INSERT INTO `record` VALUES ('210', '410000000000000000', '1', '1', '2018-02-12 13:19:34', '0');
INSERT INTO `record` VALUES ('211', '410000000000000000', '1', '1', '2018-02-12 13:19:34', '0');
INSERT INTO `record` VALUES ('212', '410000000000000000', '1', '1', '2018-02-12 13:19:34', '0');
INSERT INTO `record` VALUES ('213', '410000000000000000', '1', '1', '2018-02-12 13:19:34', '0');
INSERT INTO `record` VALUES ('214', '410000000000000000', '1', '1', '2018-02-12 13:19:34', '0');
INSERT INTO `record` VALUES ('215', '410000000000000000', '1', '1', '2018-02-12 13:19:34', '0');
INSERT INTO `record` VALUES ('216', '410000000000000000', '1', '1', '2018-02-12 13:19:34', '0');
INSERT INTO `record` VALUES ('217', '410000000000000000', '1', '1', '2018-02-12 13:19:34', '0');
INSERT INTO `record` VALUES ('218', '410000000000000000', '1', '1', '2018-02-12 13:19:34', '0');
INSERT INTO `record` VALUES ('219', '410000000000000000', '1', '1', '2018-02-12 13:19:34', '0');
INSERT INTO `record` VALUES ('220', '410000000000000000', '1', '1', '2018-02-12 13:19:34', '0');
INSERT INTO `record` VALUES ('221', '410000000000000000', '1', '1', '2018-02-12 13:19:34', '0');
INSERT INTO `record` VALUES ('222', '410000000000000000', '1', '1', '2018-02-12 13:19:34', '0');
INSERT INTO `record` VALUES ('223', '410000000000000000', '1', '1', '2018-02-12 13:19:34', '0');
INSERT INTO `record` VALUES ('224', '410000000000000000', '1', '1', '2018-02-12 13:19:34', '0');
INSERT INTO `record` VALUES ('225', '410000000000000000', '1', '1', '2018-02-12 13:19:34', '0');
INSERT INTO `record` VALUES ('226', '410000000000000000', '1', '1', '2018-02-12 13:19:34', '0');
INSERT INTO `record` VALUES ('227', '410000000000000000', '1', '1', '2018-02-12 13:19:34', '0');
INSERT INTO `record` VALUES ('228', '410000000000000000', '1', '1', '2018-02-12 13:19:34', '0');
INSERT INTO `record` VALUES ('229', '410000000000000000', '1', '1', '2018-02-12 13:19:34', '0');
INSERT INTO `record` VALUES ('230', '410000000000000000', '1', '1', '2018-02-12 13:19:34', '0');
INSERT INTO `record` VALUES ('231', '410000000000000000', '1', '1', '2018-02-12 13:19:34', '0');
INSERT INTO `record` VALUES ('232', '410000000000000000', '1', '1', '2018-02-12 13:19:34', '0');
INSERT INTO `record` VALUES ('233', '410000000000000000', '1', '1', '2018-02-12 13:19:34', '0');
INSERT INTO `record` VALUES ('234', '410000000000000000', '1', '1', '2018-02-12 13:19:34', '0');
INSERT INTO `record` VALUES ('235', '410000000000000000', '1', '1', '2018-02-12 13:19:34', '0');
INSERT INTO `record` VALUES ('236', '410000000000000000', '1', '1', '2018-02-12 13:19:34', '0');
INSERT INTO `record` VALUES ('237', '410000000000000000', '1', '1', '2018-02-12 13:19:34', '0');
INSERT INTO `record` VALUES ('238', '410000000000000000', '1', '1', '2018-02-12 13:19:34', '0');
INSERT INTO `record` VALUES ('239', '410000000000000000', '1', '1', '2018-02-12 13:19:34', '0');
INSERT INTO `record` VALUES ('240', '410000000000000000', '1', '1', '2018-02-12 13:19:34', '0');
INSERT INTO `record` VALUES ('241', '410000000000000000', '1', '1', '2018-02-12 13:19:34', '0');
INSERT INTO `record` VALUES ('242', '410000000000000000', '1', '1', '2018-02-12 13:19:34', '0');
INSERT INTO `record` VALUES ('243', '410000000000000000', '1', '1', '2018-02-12 13:19:34', '0');
INSERT INTO `record` VALUES ('244', '410000000000000000', '1', '1', '2018-02-12 13:19:34', '0');
INSERT INTO `record` VALUES ('245', '410000000000000000', '1', '1', '2018-02-12 13:19:34', '0');
INSERT INTO `record` VALUES ('246', '410000000000000000', '1', '1', '2018-02-12 13:19:34', '0');
INSERT INTO `record` VALUES ('247', '410000000000000000', '1', '1', '2018-02-12 13:19:34', '0');
INSERT INTO `record` VALUES ('248', '410000000000000000', '1', '1', '2018-02-12 13:19:34', '0');
INSERT INTO `record` VALUES ('249', '410000000000000000', '1', '1', '2018-02-12 13:19:34', '0');
INSERT INTO `record` VALUES ('250', '410000000000000000', '1', '1', '2018-02-12 13:19:34', '0');
INSERT INTO `record` VALUES ('251', '410000000000000000', '1', '1', '2018-02-12 13:19:34', '0');
INSERT INTO `record` VALUES ('252', '410000000000000000', '1', '1', '2018-02-12 13:19:34', '0');
INSERT INTO `record` VALUES ('253', '410000000000000000', '1', '1', '2018-02-12 13:19:34', '0');
INSERT INTO `record` VALUES ('254', '410000000000000000', '1', '1', '2018-02-12 13:19:34', '0');
INSERT INTO `record` VALUES ('255', '410000000000000000', '1', '1', '2018-02-12 13:19:34', '0');
INSERT INTO `record` VALUES ('256', '410000000000000000', '1', '1', '2018-02-12 13:19:34', '0');
INSERT INTO `record` VALUES ('257', '410000000000000000', '1', '1', '2018-02-12 13:19:34', '0');
INSERT INTO `record` VALUES ('258', '410000000000000000', '1', '1', '2018-02-12 13:19:34', '0');
INSERT INTO `record` VALUES ('259', '410000000000000000', '1', '1', '2018-02-12 13:19:34', '0');
INSERT INTO `record` VALUES ('260', '410000000000000000', '1', '1', '2018-02-12 13:19:34', '0');
INSERT INTO `record` VALUES ('261', '410000000000000000', '1', '1', '2018-02-12 13:19:34', '0');
INSERT INTO `record` VALUES ('262', '410000000000000000', '1', '1', '2018-02-12 13:19:34', '0');
INSERT INTO `record` VALUES ('263', '410000000000000000', '1', '1', '2018-02-12 13:19:34', '0');
INSERT INTO `record` VALUES ('264', '410000000000000000', '1', '1', '2018-02-12 13:19:34', '0');
INSERT INTO `record` VALUES ('265', '410000000000000000', '1', '1', '2018-02-12 13:19:34', '0');
INSERT INTO `record` VALUES ('266', '410000000000000000', '1', '1', '2018-02-12 13:19:34', '0');
INSERT INTO `record` VALUES ('267', '410000000000000000', '1', '1', '2018-02-12 13:19:34', '0');
INSERT INTO `record` VALUES ('268', '410000000000000000', '1', '1', '2018-02-12 13:19:34', '0');
INSERT INTO `record` VALUES ('269', '410000000000000000', '1', '1', '2018-02-12 13:19:34', '0');
INSERT INTO `record` VALUES ('270', '410000000000000000', '1', '1', '2018-02-12 13:19:34', '0');
INSERT INTO `record` VALUES ('271', '410000000000000000', '1', '1', '2018-02-12 13:19:34', '0');
INSERT INTO `record` VALUES ('272', '410000000000000000', '1', '1', '2018-02-12 13:19:34', '0');
INSERT INTO `record` VALUES ('273', '410000000000000000', '1', '1', '2018-02-12 13:19:34', '0');
INSERT INTO `record` VALUES ('274', '410000000000000000', '1', '1', '2018-02-12 13:19:34', '0');
INSERT INTO `record` VALUES ('275', '410000000000000000', '1', '1', '2018-02-12 13:19:34', '0');
INSERT INTO `record` VALUES ('276', '410000000000000000', '1', '1', '2018-02-12 13:19:34', '0');
INSERT INTO `record` VALUES ('277', '410000000000000000', '1', '1', '2018-02-12 13:19:34', '0');
INSERT INTO `record` VALUES ('278', '410000000000000000', '1', '1', '2018-02-12 13:19:34', '0');
INSERT INTO `record` VALUES ('279', '410000000000000000', '1', '1', '2018-02-12 13:19:34', '0');
INSERT INTO `record` VALUES ('280', '410000000000000000', '1', '1', '2018-02-12 13:19:34', '0');
INSERT INTO `record` VALUES ('281', '410000000000000000', '1', '1', '2018-02-12 13:19:34', '0');
INSERT INTO `record` VALUES ('282', '410000000000000000', '1', '1', '2018-02-12 13:19:34', '0');
INSERT INTO `record` VALUES ('283', '410000000000000000', '1', '1', '2018-02-12 13:19:34', '0');
INSERT INTO `record` VALUES ('284', '410000000000000000', '1', '1', '2018-02-12 13:19:34', '0');
INSERT INTO `record` VALUES ('285', '410000000000000000', '1', '1', '2018-02-12 13:19:34', '0');
INSERT INTO `record` VALUES ('286', '410000000000000000', '1', '1', '2018-02-12 13:19:34', '0');
INSERT INTO `record` VALUES ('287', '410000000000000000', '1', '1', '2018-02-12 13:19:34', '0');
INSERT INTO `record` VALUES ('288', '410000000000000000', '1', '1', '2018-02-12 13:19:34', '0');
INSERT INTO `record` VALUES ('289', '410000000000000000', '1', '1', '2018-02-12 13:19:34', '0');
INSERT INTO `record` VALUES ('290', '410000000000000000', '1', '1', '2018-02-12 13:19:34', '0');
INSERT INTO `record` VALUES ('291', '410000000000000000', '1', '1', '2018-02-12 13:19:34', '0');
INSERT INTO `record` VALUES ('292', '410000000000000000', '1', '1', '2018-02-12 13:19:34', '0');
INSERT INTO `record` VALUES ('293', '410000000000000000', '1', '1', '2018-02-12 13:19:34', '0');
INSERT INTO `record` VALUES ('294', '410000000000000000', '1', '1', '2018-02-12 13:19:34', '0');
INSERT INTO `record` VALUES ('295', '410000000000000000', '1', '1', '2018-02-12 13:19:34', '0');
INSERT INTO `record` VALUES ('296', '410000000000000000', '1', '1', '2018-02-12 13:19:34', '0');
INSERT INTO `record` VALUES ('297', '410000000000000000', '1', '1', '2018-02-12 13:19:34', '0');
INSERT INTO `record` VALUES ('298', '410000000000000000', '1', '1', '2018-02-12 13:19:34', '0');
INSERT INTO `record` VALUES ('299', '410000000000000000', '1', '1', '2018-02-12 13:19:34', '0');
INSERT INTO `record` VALUES ('300', '410000000000000000', '1', '1', '2018-02-12 13:19:34', '0');
INSERT INTO `record` VALUES ('301', '410000000000000000', '1', '1', '2018-02-12 13:19:34', '0');
INSERT INTO `record` VALUES ('302', '410000000000000000', '1', '1', '2018-02-12 13:19:34', '0');
INSERT INTO `record` VALUES ('303', '410000000000000000', '1', '1', '2018-02-12 13:19:34', '0');
INSERT INTO `record` VALUES ('304', '410000000000000000', '1', '1', '2018-02-12 13:19:34', '0');
INSERT INTO `record` VALUES ('305', '410000000000000000', '1', '1', '2018-02-12 13:19:34', '0');
INSERT INTO `record` VALUES ('306', '410000000000000000', '1', '1', '2018-02-12 13:19:34', '0');
INSERT INTO `record` VALUES ('307', '410000000000000000', '1', '1', '2018-02-12 13:19:34', '0');
INSERT INTO `record` VALUES ('308', '410000000000000000', '1', '1', '2018-02-12 13:19:34', '0');
INSERT INTO `record` VALUES ('309', '410000000000000000', '1', '1', '2018-02-12 13:19:34', '0');
INSERT INTO `record` VALUES ('310', '100000000000000000', '1', '6', '2018-02-14 15:07:43', '0');
INSERT INTO `record` VALUES ('311', '410323199999999999', '1', '6', '2018-02-14 15:09:44', '0');
INSERT INTO `record` VALUES ('312', '410333333333333333', '1', '6', '2018-02-14 15:10:18', '0');
INSERT INTO `record` VALUES ('313', '111111111111111111', '1', '6', '2018-02-14 16:30:57', '0');

-- ----------------------------
-- Table structure for ticket
-- ----------------------------
DROP TABLE IF EXISTS `ticket`;
CREATE TABLE `ticket` (
  `id` int(11) NOT NULL AUTO_INCREMENT COMMENT '票型id',
  `name` varchar(10) NOT NULL COMMENT '票类型',
  `price` int(5) NOT NULL COMMENT '票价 例如 45.00 存 4500',
  `status` tinyint(1) NOT NULL DEFAULT '0' COMMENT '状态 0：正常  1：删除',
  PRIMARY KEY (`id`)
) ENGINE=MyISAM AUTO_INCREMENT=14 DEFAULT CHARSET=utf8;

-- ----------------------------
-- Records of ticket
-- ----------------------------
INSERT INTO `ticket` VALUES ('1', '儿童票', '4500', '0');
INSERT INTO `ticket` VALUES ('2', '123', '1100', '0');
INSERT INTO `ticket` VALUES ('3', '456', '1100', '0');
INSERT INTO `ticket` VALUES ('4', '789', '1100', '0');
INSERT INTO `ticket` VALUES ('5', '1', '1100', '0');
INSERT INTO `ticket` VALUES ('6', '1', '1100', '0');
INSERT INTO `ticket` VALUES ('7', '1', '1100', '0');
INSERT INTO `ticket` VALUES ('8', '1', '1100', '1');
INSERT INTO `ticket` VALUES ('9', '1', '1100', '1');
INSERT INTO `ticket` VALUES ('10', '1', '1110', '0');
INSERT INTO `ticket` VALUES ('11', '1', '12300', '1');
INSERT INTO `ticket` VALUES ('12', '123', '12360', '0');
INSERT INTO `ticket` VALUES ('13', '123132', '12312350', '0');

-- ----------------------------
-- Table structure for ticketer
-- ----------------------------
DROP TABLE IF EXISTS `ticketer`;
CREATE TABLE `ticketer` (
  `id` int(11) NOT NULL AUTO_INCREMENT COMMENT '售票员id',
  `name` varchar(10) NOT NULL DEFAULT '' COMMENT '售票员姓名',
  `id_card` char(18) NOT NULL COMMENT '售票员身份证号',
  `phone` char(11) NOT NULL COMMENT '电话号码',
  `account` varchar(20) NOT NULL COMMENT '账号',
  `password` char(32) NOT NULL DEFAULT '' COMMENT '密码',
  `window` int(11) NOT NULL,
  `status` tinyint(1) NOT NULL DEFAULT '0' COMMENT '状态 0：正常   1：删除',
  PRIMARY KEY (`id`)
) ENGINE=MyISAM AUTO_INCREMENT=124 DEFAULT CHARSET=utf8;

-- ----------------------------
-- Records of ticketer
-- ----------------------------
INSERT INTO `ticketer` VALUES ('1', '周旭', '410323111111111111', '15555555555', '1', 'b9e79361b4040a3f3a71668163d2f058', '1', '1');
INSERT INTO `ticketer` VALUES ('2', '1', '410000000000000000', '15444411111', '1', 'b9e79361b4040a3f3a71668163d2f058', '1', '1');
INSERT INTO `ticketer` VALUES ('3', '0', '410000000000000000', '15444411111', '1', 'b9e79361b4040a3f3a71668163d2f058', '1', '1');
INSERT INTO `ticketer` VALUES ('4', '1', '410000000000000000', '15444411111', '1', 'b9e79361b4040a3f3a71668163d2f058', '1', '1');
INSERT INTO `ticketer` VALUES ('5', '2', '410000000000000000', '15444411111', '1', 'b9e79361b4040a3f3a71668163d2f058', '1', '1');
INSERT INTO `ticketer` VALUES ('6', '3', '410000000000000000', '15444411111', '1', 'b9e79361b4040a3f3a71668163d2f058', '1', '1');
INSERT INTO `ticketer` VALUES ('7', '123111', '410000000000000000', '15444411111', 'zhouxu', '1', '4', '0');
INSERT INTO `ticketer` VALUES ('8', '5', '410000000000000000', '15444411111', 'zhouxu1', '1', '1', '0');
INSERT INTO `ticketer` VALUES ('9', '6', '410000000000000000', '15444411111', 'zhouxu13', 'b9e79361b4040a3f3a71668163d2f058', '1', '0');
INSERT INTO `ticketer` VALUES ('10', '周旭', '123123123111111111', '13111111111', '1', 'b9e79361b4040a3f3a71668163d2f058', '4', '1');
INSERT INTO `ticketer` VALUES ('11', '8', '410000000000000000', '15444411111', '1', 'b9e79361b4040a3f3a71668163d2f058', '1', '1');
INSERT INTO `ticketer` VALUES ('12', '9', '410000000000000000', '15444411111', '1', 'b9e79361b4040a3f3a71668163d2f058', '1', '1');
INSERT INTO `ticketer` VALUES ('13', '10', '410000000000000000', '15444411111', '1', 'b9e79361b4040a3f3a71668163d2f058', '1', '1');
INSERT INTO `ticketer` VALUES ('14', '11', '410000000000000000', '15444411111', '1', 'b9e79361b4040a3f3a71668163d2f058', '1', '1');
INSERT INTO `ticketer` VALUES ('15', '12', '410000000000000000', '15444411111', '1', 'b9e79361b4040a3f3a71668163d2f058', '1', '1');
INSERT INTO `ticketer` VALUES ('16', '13', '410000000000000000', '15444411111', '1', 'b9e79361b4040a3f3a71668163d2f058', '1', '1');
INSERT INTO `ticketer` VALUES ('17', '14', '410000000000000000', '15444411111', '1', 'b9e79361b4040a3f3a71668163d2f058', '1', '1');
INSERT INTO `ticketer` VALUES ('18', '15', '410000000000000000', '15444411111', '1', 'b9e79361b4040a3f3a71668163d2f058', '1', '1');
INSERT INTO `ticketer` VALUES ('19', '16', '410000000000000000', '15444411111', '1', 'b9e79361b4040a3f3a71668163d2f058', '1', '1');
INSERT INTO `ticketer` VALUES ('20', '17', '410000000000000000', '15444411111', '1', 'b9e79361b4040a3f3a71668163d2f058', '1', '1');
INSERT INTO `ticketer` VALUES ('21', '18', '410000000000000000', '15444411111', '1', 'b9e79361b4040a3f3a71668163d2f058', '1', '1');
INSERT INTO `ticketer` VALUES ('22', '19', '410000000000000000', '15444411111', '1', 'b9e79361b4040a3f3a71668163d2f058', '1', '1');
INSERT INTO `ticketer` VALUES ('23', '20', '410000000000000000', '15444411111', '1', 'b9e79361b4040a3f3a71668163d2f058', '1', '1');
INSERT INTO `ticketer` VALUES ('24', '21', '410000000000000000', '15444411111', '1', 'b9e79361b4040a3f3a71668163d2f058', '1', '1');
INSERT INTO `ticketer` VALUES ('25', '22', '410000000000000000', '15444411111', '1', 'b9e79361b4040a3f3a71668163d2f058', '1', '1');
INSERT INTO `ticketer` VALUES ('26', '23', '410000000000000000', '15444411111', '1', '1', '1', '0');
INSERT INTO `ticketer` VALUES ('27', '24', '410000000000000000', '15444411111', '1', '1', '1', '0');
INSERT INTO `ticketer` VALUES ('28', '25', '410000000000000000', '15444411111', '1', '1', '1', '0');
INSERT INTO `ticketer` VALUES ('29', '26', '410000000000000000', '15444411111', '1', '1', '1', '0');
INSERT INTO `ticketer` VALUES ('30', '27', '410000000000000000', '15444411111', '1', '1', '1', '0');
INSERT INTO `ticketer` VALUES ('31', '28', '410000000000000000', '15444411111', '1', '1', '1', '0');
INSERT INTO `ticketer` VALUES ('32', '29', '410000000000000000', '15444411111', '1', '1', '1', '0');
INSERT INTO `ticketer` VALUES ('33', '30', '410000000000000000', '15444411111', '1', '1', '1', '0');
INSERT INTO `ticketer` VALUES ('34', '31', '410000000000000000', '15444411111', '1', '1', '1', '0');
INSERT INTO `ticketer` VALUES ('35', '32', '410000000000000000', '15444411111', '1', '1', '1', '0');
INSERT INTO `ticketer` VALUES ('36', '33', '410000000000000000', '15444411111', '1', '1', '1', '0');
INSERT INTO `ticketer` VALUES ('37', '34', '410000000000000000', '15444411111', '1', '1', '1', '0');
INSERT INTO `ticketer` VALUES ('38', '35', '410000000000000000', '15444411111', '1', '1', '1', '0');
INSERT INTO `ticketer` VALUES ('39', '36', '410000000000000000', '15444411111', '1', '1', '1', '0');
INSERT INTO `ticketer` VALUES ('40', '37', '410000000000000000', '15444411111', '1', '1', '1', '0');
INSERT INTO `ticketer` VALUES ('41', '38', '410000000000000000', '15444411111', '1', '1', '1', '0');
INSERT INTO `ticketer` VALUES ('42', '39', '410000000000000000', '15444411111', '1', '1', '1', '0');
INSERT INTO `ticketer` VALUES ('43', '40', '410000000000000000', '15444411111', '1', '1', '1', '0');
INSERT INTO `ticketer` VALUES ('44', '41', '410000000000000000', '15444411111', '1', '1', '1', '0');
INSERT INTO `ticketer` VALUES ('45', '42', '410000000000000000', '15444411111', '1', '1', '1', '0');
INSERT INTO `ticketer` VALUES ('46', '43', '410000000000000000', '15444411111', '1', '1', '1', '0');
INSERT INTO `ticketer` VALUES ('47', '44', '410000000000000000', '15444411111', '1', '1', '1', '0');
INSERT INTO `ticketer` VALUES ('48', '45', '410000000000000000', '15444411111', '1', '1', '1', '0');
INSERT INTO `ticketer` VALUES ('49', '46', '410000000000000000', '15444411111', '1', '1', '1', '0');
INSERT INTO `ticketer` VALUES ('50', '47', '410000000000000000', '15444411111', '1', '1', '1', '0');
INSERT INTO `ticketer` VALUES ('51', '48', '410000000000000000', '15444411111', '1', '1', '1', '0');
INSERT INTO `ticketer` VALUES ('52', '49', '410000000000000000', '15444411111', '1', '1', '1', '0');
INSERT INTO `ticketer` VALUES ('53', '50', '410000000000000000', '15444411111', '1', '1', '1', '0');
INSERT INTO `ticketer` VALUES ('54', '51', '410000000000000000', '15444411111', '1', '1', '1', '0');
INSERT INTO `ticketer` VALUES ('55', '52', '410000000000000000', '15444411111', '1', '1', '1', '0');
INSERT INTO `ticketer` VALUES ('56', '53', '410000000000000000', '15444411111', '1', '1', '1', '0');
INSERT INTO `ticketer` VALUES ('57', '54', '410000000000000000', '15444411111', '1', '1', '1', '0');
INSERT INTO `ticketer` VALUES ('58', '55', '410000000000000000', '15444411111', '1', '1', '1', '0');
INSERT INTO `ticketer` VALUES ('59', '56', '410000000000000000', '15444411111', '1', '1', '1', '0');
INSERT INTO `ticketer` VALUES ('60', '57', '410000000000000000', '15444411111', '1', '1', '1', '0');
INSERT INTO `ticketer` VALUES ('61', '58', '410000000000000000', '15444411111', '1', '1', '1', '0');
INSERT INTO `ticketer` VALUES ('62', '59', '410000000000000000', '15444411111', '1', '1', '1', '0');
INSERT INTO `ticketer` VALUES ('63', '60', '410000000000000000', '15444411111', '1', '1', '1', '0');
INSERT INTO `ticketer` VALUES ('64', '61', '410000000000000000', '15444411111', '1', '1', '1', '0');
INSERT INTO `ticketer` VALUES ('65', '62', '410000000000000000', '15444411111', '1', '1', '1', '0');
INSERT INTO `ticketer` VALUES ('66', '63', '410000000000000000', '15444411111', '1', '1', '1', '0');
INSERT INTO `ticketer` VALUES ('67', '64', '410000000000000000', '15444411111', '1', '1', '1', '0');
INSERT INTO `ticketer` VALUES ('68', '65', '410000000000000000', '15444411111', '1', '1', '1', '0');
INSERT INTO `ticketer` VALUES ('69', '66', '410000000000000000', '15444411111', '1', '1', '1', '0');
INSERT INTO `ticketer` VALUES ('70', '67', '410000000000000000', '15444411111', '1', '1', '1', '0');
INSERT INTO `ticketer` VALUES ('71', '68', '410000000000000000', '15444411111', '1', '1', '1', '0');
INSERT INTO `ticketer` VALUES ('72', '69', '410000000000000000', '15444411111', '1', '1', '1', '0');
INSERT INTO `ticketer` VALUES ('73', '70', '410000000000000000', '15444411111', '1', '1', '1', '0');
INSERT INTO `ticketer` VALUES ('74', '71', '410000000000000000', '15444411111', '1', '1', '1', '0');
INSERT INTO `ticketer` VALUES ('75', '72', '410000000000000000', '15444411111', '1', '1', '1', '0');
INSERT INTO `ticketer` VALUES ('76', '73', '410000000000000000', '15444411111', '1', '1', '1', '0');
INSERT INTO `ticketer` VALUES ('77', '74', '410000000000000000', '15444411111', '1', '1', '1', '0');
INSERT INTO `ticketer` VALUES ('78', '75', '410000000000000000', '15444411111', '1', '1', '1', '0');
INSERT INTO `ticketer` VALUES ('79', '76', '410000000000000000', '15444411111', '1', '1', '1', '0');
INSERT INTO `ticketer` VALUES ('80', '77', '410000000000000000', '15444411111', '1', '1', '1', '0');
INSERT INTO `ticketer` VALUES ('81', '78', '410000000000000000', '15444411111', '1', '1', '1', '0');
INSERT INTO `ticketer` VALUES ('82', '79', '410000000000000000', '15444411111', '1', 'b9e79361b4040a3f3a71668163d2f058', '1', '1');
INSERT INTO `ticketer` VALUES ('83', '80', '410000000000000000', '15444411111', '1', '1', '1', '0');
INSERT INTO `ticketer` VALUES ('84', '81', '410000000000000000', '15444411111', '1', '1', '1', '0');
INSERT INTO `ticketer` VALUES ('85', '82', '410000000000000000', '15444411111', '1', '1', '1', '0');
INSERT INTO `ticketer` VALUES ('86', '83', '410000000000000000', '15444411111', '1', '1', '1', '0');
INSERT INTO `ticketer` VALUES ('87', '84', '410000000000000000', '15444411111', '1', '1', '1', '0');
INSERT INTO `ticketer` VALUES ('88', '85', '410000000000000000', '15444411111', '1', '1', '1', '0');
INSERT INTO `ticketer` VALUES ('89', '86', '410000000000000000', '15444411111', '1', '1', '1', '0');
INSERT INTO `ticketer` VALUES ('90', '87', '410000000000000000', '15444411111', '1', '1', '1', '0');
INSERT INTO `ticketer` VALUES ('91', '88', '410000000000000000', '15444411111', '1', '1', '1', '0');
INSERT INTO `ticketer` VALUES ('92', '89', '410000000000000000', '15444411111', '1', '1', '1', '0');
INSERT INTO `ticketer` VALUES ('93', '90', '410000000000000000', '15444411111', '1', '1', '1', '0');
INSERT INTO `ticketer` VALUES ('94', '91', '410000000000000000', '15444411111', '1', '1', '1', '0');
INSERT INTO `ticketer` VALUES ('95', '92', '410000000000000000', '15444411111', '1', '1', '1', '0');
INSERT INTO `ticketer` VALUES ('96', '93', '410000000000000000', '15444411111', '1', '1', '1', '0');
INSERT INTO `ticketer` VALUES ('97', '94', '410000000000000000', '15444411111', '1', '1', '1', '0');
INSERT INTO `ticketer` VALUES ('98', '95', '410000000000000000', '15444411111', '1', '1', '1', '0');
INSERT INTO `ticketer` VALUES ('99', '96', '410000000000000000', '15444411111', '1', '1', '1', '0');
INSERT INTO `ticketer` VALUES ('100', '97', '410000000000000000', '15444411111', '1', '1', '1', '0');
INSERT INTO `ticketer` VALUES ('101', '98', '410000000000000000', '15444411111', '1', '1', '1', '0');
INSERT INTO `ticketer` VALUES ('102', '99', '410000000000000000', '15444411111', '1', '1', '1', '1');
INSERT INTO `ticketer` VALUES ('103', '周旭', '410000000000000000', '15000000000', 'zhouxu123', 'b9e79361b4040a3f3a71668163d2f058', '2', '0');
INSERT INTO `ticketer` VALUES ('104', '周旭', '444444444444444', '15555555555', 'zxzxzx', 'b9e79361b4040a3f3a71668163d2f058', '3', '1');
INSERT INTO `ticketer` VALUES ('105', '周旭', '444444444444444111', '15555555555', '999', '9db06bcff9248837f86d1a6bcf41c9e7', '6', '0');
INSERT INTO `ticketer` VALUES ('106', '周旭', '410000000000000000', '15555555555', '121111', 'b9e79361b4040a3f3a71668163d2f058', '6', '0');
INSERT INTO `ticketer` VALUES ('107', '周旭', '111111111111111111', '13333333333', '141111', 'b9e79361b4040a3f3a71668163d2f058', '1', '0');
INSERT INTO `ticketer` VALUES ('108', '正则', '444444444441444444', '14555555555', '1411111', 'b9e79361b4040a3f3a71668163d2f058', '1', '0');
INSERT INTO `ticketer` VALUES ('109', '周旭', '410000000000000000', '13000000000', '121113', 'b9e79361b4040a3f3a71668163d2f058', '6', '0');
INSERT INTO `ticketer` VALUES ('110', '啊啊', '410000000000000000', '13000000000', '1111111', 'b9e79361b4040a3f3a71668163d2f058', '1', '0');
INSERT INTO `ticketer` VALUES ('111', '正则', '410000000000000000', '13000000000', '111111', 'b9e79361b4040a3f3a71668163d2f058', '1', '0');
INSERT INTO `ticketer` VALUES ('112', '周旭', '410000000000000000', '13000000000', '11111111', 'b9e79361b4040a3f3a71668163d2f058', '1', '0');
INSERT INTO `ticketer` VALUES ('113', '周旭', '410000000000000000', '13000000000', '111111111', 'b9e79361b4040a3f3a71668163d2f058', '1', '0');
INSERT INTO `ticketer` VALUES ('114', '测试', '444444444444444444', '13000000000', 'ceshizhanghao', 'b9e79361b4040a3f3a71668163d2f058', '1', '0');
INSERT INTO `ticketer` VALUES ('115', '周旭', '410000000000000000', '13000000000', '000000', 'b9e79361b4040a3f3a71668163d2f058', '1', '0');
INSERT INTO `ticketer` VALUES ('116', '周旭', '401000000000000000', '13000000000', '100000', 'b9e79361b4040a3f3a71668163d2f058', '1', '0');
INSERT INTO `ticketer` VALUES ('117', '周旭', '410000000000000000', '13000000000', '1111111111', 'b9e79361b4040a3f3a71668163d2f058', '1', '0');
INSERT INTO `ticketer` VALUES ('118', '', '', '', '', 'b9e79361b4040a3f3a71668163d2f058', '1', '1');
INSERT INTO `ticketer` VALUES ('119', '周旭', '410323222111111111', '13000000101', '101010', 'b9e79361b4040a3f3a71668163d2f058', '1', '0');
INSERT INTO `ticketer` VALUES ('120', '', '', '', '', 'b9e79361b4040a3f3a71668163d2f058', '1', '1');
INSERT INTO `ticketer` VALUES ('121', '周旭', '410321010121111111', '13000000000', '1211111', 'b9e79361b4040a3f3a71668163d2f058', '1', '0');
INSERT INTO `ticketer` VALUES ('122', '周旭已', '410000000000000000', '13000000000', '123123', 'b9e79361b4040a3f3a71668163d2f058', '1', '0');
INSERT INTO `ticketer` VALUES ('123', '', '', '', '', 'b9e79361b4040a3f3a71668163d2f058', '1', '1');

-- ----------------------------
-- Table structure for window
-- ----------------------------
DROP TABLE IF EXISTS `window`;
CREATE TABLE `window` (
  `id` int(11) NOT NULL AUTO_INCREMENT COMMENT '窗口id',
  `name` char(10) NOT NULL COMMENT '窗口名称',
  `status` tinyint(1) NOT NULL DEFAULT '0' COMMENT '0：正常   1：删除',
  PRIMARY KEY (`id`)
) ENGINE=MyISAM AUTO_INCREMENT=8 DEFAULT CHARSET=utf8;

-- ----------------------------
-- Records of window
-- ----------------------------
INSERT INTO `window` VALUES ('1', '一号窗口', '0');
INSERT INTO `window` VALUES ('2', '二号窗口', '0');
INSERT INTO `window` VALUES ('3', '三号窗口', '0');
INSERT INTO `window` VALUES ('4', '四号窗口', '0');
INSERT INTO `window` VALUES ('5', '五号窗口', '1');
INSERT INTO `window` VALUES ('6', '六号窗口', '1');
INSERT INTO `window` VALUES ('7', '123', '1');
